{
  "Optimistic": {
    "subset": [
      "2000",
      "2003",
      "2006",
      "2007",
      "2008",
      "2010",
      "2011",
      "2014",
      "2015",
      "2016",
      "2017",
      "2018"
    ],
    "RMSE": 0.2109156026266221,
    "cost_reduction": {
      "Status quo": 8.518764484786978,
      "Improvement": 9.896694615586856
    },
    "mean_shift": {
      "Pre-monsoon": 0.028810541240784637,
      "Monsoon": 0.02255823375438637,
      "Post-monsoon": 0.06485303503270723
    }
  },
  "Pessimistic": {
    "subset": [
      "2000",
      "2001",
      "2002",
      "2003",
      "2005",
      "2008",
      "2013",
      "2016"
    ],
    "RMSE": 0.1794074791650063,
    "cost_reduction": {
      "Status quo": 7.7126040206809465,
      "Improvement": 8.950105562380044
    },
    "mean_shift": {
      "Pre-monsoon": -0.047212257966157356,
      "Monsoon": 0.006493926447078913,
      "Post-monsoon": 0.1489877191705229
    }
  }
}