Climate,Comparison,DRR,Agriculture,Hydropower,All
Optimistic,Status quo -- control,0.44389950489454044,1.8780788791300518,0.1600430710767098,2.4984966363310823
Optimistic,Improvement -- control,0.5455263802766952,3.0632401995476233,0.17951352629148598,3.8322844754810736
Optimistic,Improvement -- status quo,0.10162687538215476,1.1851613204175715,0.019470455214776194,1.3337878391499913
Pessimistic,Status quo -- control,0.8449667806829986,1.840985503724868,0.1450315910669353,2.8608634933937616
Pessimistic,Improvement -- control,1.0688640845259778,3.0025131531479454,0.16363811414494833,4.304893877700966
Pessimistic,Improvement -- status quo,0.22389730384297923,1.1615276494230775,0.018606523078013026,1.4440303843072044
